,SDATE,HOLIDAY,CELEBRATION,STOREID,PRODUCTID,LOW_TEMP,HIGH_TEMP,SKY,ENTRY,EXIT,ONSALE,COVID19,TARGET
0,2019/01/01,Y,中華民國開國紀念日/元旦,12,141691,16℃,19℃,小雨~中雨,74918,66923,Y,0,38.338
1,2019/01/02,N,0,12,141691,16℃,18℃,小雨~中雨,76772,66254,Y,0,23.72
2,2019/01/03,N,0,12,141691,17℃,20℃,小雨,80331,67465,Y,0,24.698
3,2019/01/04,N,0,12,141691,18℃,26℃,多云,85491,71544,Y,0,21.669
4,2019/01/05,Y,週六,12,141691,17℃,21℃,阴~小雨,86558,69783,Y,0,40.014
5,2019/01/06,Y,週日,12,141691,16℃,19℃,小雨,82141,72411,Y,0,55.798
6,2019/01/07,N,0,12,141691,18℃,23℃,多云~小雨,72579,66503,Y,0,27.598
7,2019/01/08,N,0,12,141691,17℃,20℃,小雨,72073,70538,Y,0,22.769
8,2019/01/09,N,0,12,141691,17℃,21℃,小雨~多云,75188,78746,Y,0,22.159
9,2019/01/10,N,0,12,141691,19℃,24℃,小雨~多云,77255,82587,Y,0,19.055
10,2019/01/11,N,0,12,141691,18℃,23℃,多云,80647,94375,Y,0,14.421
11,2019/01/12,Y,週六,12,141691,17℃,18℃,小雨,81081,92763,Y,0,35.984
12,2019/01/13,Y,週日,12,141691,15℃,18℃,小雨,81925,86409,Y,0,17.803
13,2019/01/14,N,0,12,141691,16℃,21℃,多云,76681,76057,Y,0,21.929
14,2019/01/15,N,0,12,141691,17℃,23℃,小雨,88326,81198,Y,0,21.945
15,2019/01/16,N,0,12,141691,16℃,19℃,中雨,84688,78996,Y,0,18.623
16,2019/01/17,N,0,12,141691,15℃,17℃,小雨,71515,73338,Y,0,38.122
17,2019/01/18,N,0,12,141691,16℃,20℃,多云,63345,68908,Y,0,24.126
18,2019/01/19,N,0,12,141691,18℃,22℃,阴~多云,61449,69010,Y,0,37.002
19,2019/01/20,Y,週日,12,141691,15℃,21℃,小雨,64715,79466,Y,0,42.417
20,2019/01/21,N,0,12,141691,14℃,17℃,小雨,55618,72005,Y,0,30.817
21,2019/01/22,N,0,12,141691,13℃,16℃,小雨~多云,52024,63731,Y,0,20.083
22,2019/01/23,N,0,12,141691,15℃,18℃,多云,53116,61192,Y,0,12.869
23,2019/01/24,N,0,12,141691,15℃,19℃,阴~多云,58432,64174,Y,0,18.179
24,2019/01/25,N,0,12,141691,13℃,20℃,多云~阴,66644,69788,Y,0,20.162
25,2019/01/26,Y,週六,12,141691,12℃,15℃,小雨,66633,73733,Y,0,43.154
26,2019/01/27,Y,週日,12,141691,14℃,17℃,小雨~多云,67263,80025,Y,0,45.836
27,2019/01/28,N,春節前週一,12,141691,16℃,20℃,多云~小雨,61978,78310,Y,0,24.889
28,2019/01/29,N,春節前週二,12,141691,17℃,21℃,多云~晴,60000,74935,Y,0,33.699
29,2019/01/30,N,春節前週三,12,141691,15℃,22℃,多云~晴,62485,71699,Y,0,20.259
30,2019/01/31,N,春節前週四,12,141691,13℃,23℃,小雨,67061,74886,Y,0,28.449
31,2019/02/01,N,春節前週五,12,141691,14℃,17℃,小雨~阴,73751,84144,Y,0,29.758
32,2019/02/02,Y,春節前週六,12,141691,17℃,23℃,多云,74935,84832,Y,0,62.188
33,2019/02/03,Y,春節前週日,12,141691,17℃,25℃,多云~小雨,76958,90522,Y,0,61.788
34,2019/02/04,Y,夕除,12,141691,17℃,20℃,小雨,73600,81469,Y,0,23.058
35,2019/02/05,Y,春節,12,141691,16℃,22℃,小雨~多云,73706,76445,Y,0,10.016
36,2019/02/06,Y,農曆初二,12,141691,17℃,24℃,多云,75224,75586,Y,0,17.39
37,2019/02/07,Y,農曆初三,12,141691,17℃,25℃,多云~小雨,81982,75327,Y,0,19.523
38,2019/02/08,Y,農曆初四,12,141691,17℃,20℃,小雨~阴,86910,82307,Y,0,25.98
39,2019/02/09,Y,農曆初五,12,141691,16℃,18℃,小雨,88069,80947,Y,0,41.58
40,2019/02/10,Y,農曆初二,12,141691,17℃,20℃,小雨,89765,82609,Y,0,62.812
41,2019/02/11,N,0,12,141691,16℃,19℃,小雨,51603,61931,Y,0,34.112
42,2019/02/12,N,0,12,141691,17℃,23℃,多云~阴,33371,46794,Y,0,24.274
43,2019/02/13,N,0,12,141691,18℃,20℃,小雨~阴,49019,66766,Y,0,14.897
44,2019/02/14,N,0,12,141691,18℃,21℃,小雨~阴,54794,72545,Y,0,23.704
45,2019/02/15,N,0,12,141691,17℃,22℃,小雨,57607,78560,Y,0,10.984
46,2019/02/16,Y,週六,12,141691,16℃,19℃,小雨,61680,81877,Y,0,19.981
47,2019/02/17,Y,週日,12,141691,16℃,20℃,小雨,53848,73446,Y,0,39.872
48,2019/02/18,N,0,12,141691,18℃,23℃,小雨~阴,46693,57896,Y,0,14.356
49,2019/02/19,N,元宵節,12,141691,18℃,23℃,多云,33226,62139,Y,0,18.963
50,2019/02/20,N,0,12,141691,18℃,24℃,多云~小雨,52944,70562,Y,0,19.845
51,2019/02/21,N,0,12,141691,17℃,20℃,小雨,62825,74913,Y,0,13.102
52,2019/02/22,N,0,12,141691,13℃,18℃,小雨,65302,72285,Y,0,15.837
53,2019/02/23,N,0,12,141691,13℃,15℃,小雨~中雨,70167,75616,Y,0,36.489
54,2019/02/24,Y,週日,12,141691,13℃,16℃,中雨~小雨,72154,76538,Y,0,51.117
55,2019/02/25,N,0,12,141691,15℃,18℃,小雨,65032,72578,Y,0,19.924
56,2019/02/26,N,0,12,141691,16℃,19℃,阴~多云,58642,66190,Y,0,31.039
57,2019/02/27,N,0,12,141691,17℃,22℃,多云~阴,51689,63972,Y,0,18.126
58,2019/02/28,Y,228連假,12,141691,15℃,19℃,小雨~阴,38813,52154,Y,0,26.288
59,2019/03/01,Y,228彈性放假,12,141691,16℃,20℃,阴~小雨,52483,66296,Y,0,25.24
60,2019/03/02,Y,週六,12,141691,18℃,23℃,多云~小雨,52992,63126,Y,0,28.53
61,2019/03/03,Y,週日,12,141691,14℃,20℃,中雨~阴,50944,71124,Y,0,45.107
62,2019/03/04,N,0,12,141691,14℃,22℃,阴~小雨,46946,70288,Y,0,26.165
63,2019/03/05,N,0,12,141691,16℃,22℃,阴~小雨,53686,69717,Y,0,16.378
64,2019/03/06,N,0,12,141691,14℃,19℃,小雨~中雨,62789,78367,Y,0,29.913
65,2019/03/07,N,0,12,141691,12℃,15℃,中雨,61423,72216,Y,0,22.629
66,2019/03/08,N,婦女節,12,141691,13℃,17℃,中雨~大雨,76363,78292,Y,0,35.176
67,2019/03/09,Y,週六,12,141691,16℃,20℃,大雨,70643,76867,Y,0,51.543
68,2019/03/10,Y,週日,12,141691,14℃,17℃,小雨~多云,66910,86282,Y,0,43.402
69,2019/03/11,N,0,12,141691,14℃,18℃,小雨~多云,61240,81317,Y,0,34.387
70,2019/03/12,N,0,12,141691,17℃,22℃,晴,59404,86832,Y,0,28.516
71,2019/03/13,N,0,12,141691,16℃,22℃,小雨~多云,67655,96744,Y,0,20.849
72,2019/03/14,N,0,12,141691,15℃,22℃,阴~小雨,72737,97992,Y,0,16.172
73,2019/03/15,N,0,12,141691,15℃,19℃,多云,86394,80172,Y,0,14.026
74,2019/03/16,Y,週六,12,141691,16℃,20℃,阴~多云,91612,61377,Y,0,33.967
75,2019/03/17,Y,週日,12,141691,18℃,22℃,多云~小雨,101329,75571,Y,0,40.009
76,2019/03/18,N,0,12,141691,17℃,22℃,阴~多云,90794,71156,Y,0,22.001
77,2019/03/19,N,0,12,141691,18℃,23℃,阴~多云,80480,64359,Y,0,24.264
78,2019/03/20,N,0,12,141691,19℃,26℃,多云,73826,64088,Y,0,23.522
79,2019/03/21,N,0,12,141691,19℃,26℃,多云~小雨,74616,70635,Y,0,18.954
80,2019/03/22,N,0,12,141691,14℃,20℃,小雨,79725,75973,Y,0,19.83
81,2019/03/23,Y,週六,12,141691,14℃,17℃,小雨,75996,74205,Y,0,39.559
82,2019/03/24,Y,週日,12,141691,16℃,19℃,小雨,84587,84486,Y,0,53.035
83,2019/03/25,N,0,12,141691,16℃,21℃,小雨~多云,76344,79713,Y,0,23.724
84,2019/03/26,N,0,12,141691,16℃,22℃,多云,72578,76278,Y,0,25.476
85,2019/03/27,N,0,12,141691,18℃,24℃,多云,57981,74180,Y,0,13.314
86,2019/03/28,N,0,12,141691,20℃,27℃,阴~多云,44289,62083,Y,0,17.253
87,2019/03/29,N,青年節,12,141691,18℃,23℃,小雨~中雨,57519,72111,Y,0,19.989
88,2019/03/30,Y,週六,12,141691,18℃,23℃,阴~小雨,83335,76852,Y,0,31.726
89,2019/03/31,Y,週日,12,141691,15℃,19℃,小雨,84438,87931,Y,0,35.617
90,2019/04/01,N,0,12,141691,16℃,20℃,小雨,80364,84991,Y,0,22.818
91,2019/04/02,N,0,12,141691,18℃,22℃,小雨,73149,78377,Y,0,23.68
92,2019/04/03,N,0,12,141691,19℃,22℃,小雨~多云,78096,77722,Y,0,21.975
93,2019/04/04,Y,兒童節,12,141691,19℃,25℃,阴,83076,76539,Y,0,32.336
94,2019/04/05,Y,清明節,12,141691,19℃,23℃,阴~多云,71724,78757,Y,0,18.592
95,2019/04/06,Y,週六,12,141691,20℃,25℃,多云,88152,80044,Y,0,32.022
96,2019/04/07,Y,週日,12,141691,21℃,25℃,多云,86588,90052,Y,0,22.839
97,2019/04/08,N,0,12,141691,20℃,26℃,多云,79834,84855,Y,0,19.941
98,2019/04/09,N,0,12,141691,22℃,27℃,多云,75689,81974,Y,0,0.608
99,2019/04/10,N,0,12,141691,18℃,27℃,阴,78037,83378,Y,0,21.565
100,2019/04/11,N,0,12,141691,17℃,24℃,小雨~中雨,73264,86926,Y,0,12.267
101,2019/04/12,N,0,12,141691,17℃,21℃,阴~小雨,56236,79503,Y,0,19.434
102,2019/04/13,Y,週六,12,141691,20℃,25℃,阴~小雨,81375,91774,Y,0,28.629
103,2019/04/14,Y,週日,12,141691,18℃,23℃,小雨,81834,95806,Y,0,37.889
104,2019/04/15,N,0,12,141691,19℃,22℃,小雨,71111,78547,Y,0,29.998
105,2019/04/16,N,0,12,141691,19℃,22℃,小雨,69249,78077,Y,0,18.101
106,2019/04/17,N,0,12,141691,19℃,23℃,多云,76440,92445,Y,0,23.905
107,2019/04/18,N,0,12,141691,21℃,25℃,阴,78434,88998,Y,0,17.474
108,2019/04/19,N,0,12,141691,21℃,25℃,中雨~大雨,83039,64673,Y,0,17.471
109,2019/04/20,Y,週六,12,141691,22℃,25℃,小雨,87430,74440,Y,0,35.82
110,2019/04/21,Y,週日,12,141691,22℃,25℃,小雨,107353,90761,Y,0,31.66
111,2019/04/22,N,0,12,141691,22℃,26℃,小雨~阴,89970,83713,Y,0,18.881
112,2019/04/23,N,0,12,141691,22℃,28℃,多云,79872,74347,Y,0,16.616
113,2019/04/24,N,0,12,141691,22℃,28℃,阴,76099,74452,Y,0,18.367
114,2019/04/25,N,0,12,141691,22℃,28℃,多云~小雨,79922,75935,Y,0,17.719
115,2019/04/26,N,0,12,141691,21℃,26℃,小雨,88215,83344,Y,0,16.258
116,2019/04/27,Y,週六,12,141691,21℃,25℃,小雨~阴,88787,76072,Y,0,37.78
117,2019/04/28,Y,週日,12,141691,22℃,26℃,小雨~多云,90238,84520,Y,0,32.652
118,2019/04/29,N,0,12,141691,22℃,26℃,多云~阴,85470,86863,Y,0,20.109
119,2019/04/30,N,0,12,141691,21℃,28℃,小雨~大雨,81283,79527,Y,0,19.694
120,2019/05/01,N,勞動節,12,141691,19℃,22℃,小雨~多云,81767,77208,Y,0,30.498
121,2019/05/02,N,0,12,141691,19℃,22℃,中雨~小雨,83505,83337,Y,0,13.979
122,2019/05/03,N,0,12,141691,20℃,23℃,阴~小雨,89830,86939,Y,0,18.569
123,2019/05/04,Y,週六,12,141691,21℃,25℃,小雨~阴,91223,93135,Y,0,24.932
124,2019/05/05,Y,週日,12,141691,22℃,25℃,阴~小雨,93642,96277,Y,0,35.485
125,2019/05/06,N,0,12,141691,20℃,23℃,小雨~中雨,84468,84820,Y,0,21.029
126,2019/05/07,N,0,12,141691,20℃,22℃,小雨,88119,82152,Y,0,57.288
127,2019/05/08,N,0,12,141691,21℃,24℃,小雨~阴,83348,77621,Y,0,13.64
128,2019/05/09,N,0,12,141691,22℃,23℃,小雨,84186,78963,Y,0,17.125
129,2019/05/10,N,0,12,141691,22℃,24℃,小雨,98636,90574,Y,0,26.457
130,2019/05/11,Y,週六,12,141691,22℃,25℃,小雨,91028,84173,Y,0,31.91
131,2019/05/12,Y,週日,12,141691,23℃,27℃,小雨,95283,81899,Y,0,21.936
132,2019/05/13,N,0,12,141691,23℃,28℃,多云,83511,68302,Y,0,21.067
133,2019/05/14,N,0,12,141691,23℃,27℃,多云~阴,86213,73113,Y,0,21.888
134,2019/05/15,N,0,12,141691,23℃,27℃,多云,101247,84715,Y,0,20.872
135,2019/05/16,N,0,12,141691,24℃,28℃,小雨,81297,78642,Y,0,13.547
136,2019/05/17,N,0,12,141691,24℃,28℃,小雨,75391,89193,Y,0,29.496
137,2019/05/18,Y,週六,12,141691,24℃,28℃,小雨~阴,68382,90146,Y,0,45.289
138,2019/05/19,Y,週日,12,141691,24℃,28℃,小雨~阴,76334,89486,Y,0,40.083
139,2019/05/20,N,0,12,141691,21℃,26℃,大雨~小雨,61855,86339,Y,0,16.854
140,2019/05/21,N,0,12,141691,20℃,23℃,多云,61636,83654,Y,0,17.916
141,2019/05/22,N,0,12,141691,21℃,26℃,多云~小雨,61673,77578,Y,0,17.165
142,2019/05/23,N,0,12,141691,22℃,25℃,小雨~多云,65951,75570,Y,0,20.865
143,2019/05/24,N,0,12,141691,23℃,26℃,多云,79781,81249,Y,0,15.899
144,2019/05/25,Y,週六,12,141691,23℃,26℃,阴,81103,78373,Y,0,24.329
145,2019/05/26,Y,週日,12,141691,23℃,27℃,阴,84666,83689,Y,0,32.025
146,2019/05/27,N,0,12,141691,23℃,27℃,小雨,71871,85330,N,0,20.209
147,2019/05/28,N,0,12,141691,21℃,25℃,中雨~小雨,68824,78314,Y,0,21.053
148,2019/05/29,N,0,12,141691,21℃,24℃,阴~多云,77964,82732,Y,0,22.086
149,2019/05/30,N,0,12,141691,23℃,27℃,多云~阴,79665,76959,Y,0,19.209
150,2019/05/31,N,0,12,141691,23℃,27℃,小雨,85231,90171,Y,0,18.401
151,2019/06/01,Y,週六,12,141691,24℃,27℃,中雨~小雨,86492,80824,N,0,37.635
152,2019/06/02,Y,週日,12,141691,24℃,28℃,多云,87690,87158,N,0,37.408
153,2019/06/03,N,0,12,141691,23℃,28℃,小雨,82132,88972,Y,0,13.88
154,2019/06/04,N,0,12,141691,23℃,27℃,小雨~多云,74889,77584,Y,0,17.988
155,2019/06/05,N,0,12,141691,24℃,28℃,多云~阴,78776,81928,Y,0,16.809
156,2019/06/06,N,0,12,141691,25℃,29℃,阴,81635,83591,Y,0,22.557
157,2019/06/07,Y,端午節彈性放假,12,141691,25℃,29℃,阴,86838,84525,Y,0,18.812
158,2019/06/08,Y,週六,12,141691,24℃,29℃,阴,85932,79772,Y,0,20.821
159,2019/06/09,Y,週日,12,141691,25℃,29℃,阴,89842,85770,Y,0,39.629
160,2019/06/10,N,0,12,141691,23℃,28℃,中雨~大雨,84138,77785,Y,0,20.204
161,2019/06/11,N,0,12,141691,22℃,25℃,暴雨~中雨,82683,75032,Y,0,24.775
162,2019/06/12,N,0,12,141691,23℃,25℃,大雨~中雨,80746,75836,Y,0,21.136
163,2019/06/13,N,0,12,141691,23℃,25℃,大雨,78229,74339,Y,0,18.028
164,2019/06/14,N,0,12,141691,22℃,25℃,中雨~多云,83792,79973,Y,0,22.376
165,2019/06/15,Y,週六,12,141691,22℃,27℃,多云,88644,82220,Y,0,36.004
166,2019/06/16,Y,週日,12,141691,23℃,28℃,阴,81527,83018,Y,0,36.142
167,2019/06/17,N,0,12,141691,24℃,28℃,中雨~小雨,73551,70587,Y,0,21.24
168,2019/06/18,N,0,12,141691,25℃,29℃,小雨~阴,73330,75090,Y,0,14.008
169,2019/06/19,N,0,12,141691,26℃,30℃,阴,75932,75698,Y,0,11.581
170,2019/06/20,N,0,12,141691,25℃,30℃,阴,78368,83184,Y,0,8.622
171,2019/06/21,N,0,12,141691,26℃,31℃,多云~阴,77322,85583,Y,0,18.01
172,2019/06/22,Y,週六,12,141691,25℃,30℃,阴~小雨,78704,84586,Y,0,35.905
173,2019/06/23,Y,週日,12,141691,23℃,27℃,大雨~中雨,91559,93015,Y,0,52.929
174,2019/06/24,N,0,12,141691,22℃,26℃,大雨~小雨,80474,85003,Y,0,24.684
175,2019/06/25,N,0,12,141691,23℃,28℃,小雨,74036,78736,Y,0,26.978
176,2019/06/26,N,0,12,141691,23℃,27℃,小雨,78442,83398,Y,0,18.086
177,2019/06/27,N,0,12,141691,25℃,29℃,小雨~多云,73328,77449,Y,0,25.081
178,2019/06/28,N,0,12,141691,25℃,30℃,多云,92694,88800,Y,0,21.462
179,2019/06/29,Y,週六,12,141691,29℃,30℃,小雨,86014,83492,Y,0,30.077
180,2019/06/30,Y,週日,12,141691,26℃,30℃,小雨~阴,85637,92367,Y,0,39.645
181,2019/07/01,N,0,12,141691,26℃,29℃,阴,83637,89654,Y,0,23.925
182,2019/07/02,N,0,12,141691,26℃,30℃,中雨~小雨,76616,82908,Y,0,21.346
183,2019/07/03,N,0,12,141691,26℃,29℃,中雨~阴,76876,83223,Y,0,19.627
184,2019/07/04,N,0,12,141691,26℃,30℃,小雨~阴,81672,85754,Y,0,15.833
185,2019/07/05,N,0,12,141691,26℃,30℃,阴,84321,87051,Y,0,15.497
186,2019/07/06,Y,週六,12,141691,26℃,30℃,阴,85843,90559,Y,0,31.007
187,2019/07/07,Y,週日,12,141691,25℃,30℃,阴,83399,92097,Y,0,28.85
188,2019/07/08,N,0,12,141691,26℃,30℃,阴,77858,82554,Y,0,14.936
189,2019/07/09,N,0,12,141691,26℃,30℃,阴,79887,85844,Y,0,21.51
190,2019/07/10,N,0,12,141691,26℃,31℃,阴,75408,83380,Y,0,15.105
191,2019/07/11,N,0,12,141691,25℃,29℃,中雨~多云,80274,84369,Y,0,11.49
192,2019/07/12,N,0,12,141691,25℃,30℃,阴~多云,81468,89719,Y,0,17.17
193,2019/07/13,Y,週六,12,141691,26℃,31℃,阴,88670,94148,Y,0,34.252
194,2019/07/14,Y,週日,12,141691,25℃,30℃,阴,86265,93893,Y,0,43.787
195,2019/07/15,N,0,12,141691,25℃,30℃,阴~多云,79931,91601,Y,0,26.543
196,2019/07/16,N,0,12,141691,26℃,30℃,多云,76876,86055,Y,0,22.725
197,2019/07/17,N,0,12,141691,26℃,30℃,小雨,75561,83782,Y,0,30.021
198,2019/07/18,N,0,12,141691,26℃,29℃,中雨~小雨,80031,82254,Y,0,18.401
199,2019/07/19,N,0,12,141691,26℃,31℃,阴,85288,88444,Y,0,15.551
200,2019/07/20,Y,週六,12,141691,26℃,30℃,阴,85964,85221,N,0,37.217
201,2019/07/21,Y,週日,12,141691,26℃,30℃,中雨~小雨,84392,88114,Y,0,31.62
202,2019/07/22,N,0,12,141691,25℃,30℃,中雨~多云,85409,89748,Y,0,17.128
203,2019/07/23,N,0,12,141691,26℃,30℃,小雨~多云,73581,75183,Y,0,20.082
204,2019/07/24,N,0,12,141691,26℃,29℃,阴~多云,76229,76622,Y,0,28.127
205,2019/07/25,N,0,12,141691,26℃,30℃,阴~多云,89425,83446,Y,0,15.036
206,2019/07/26,N,0,12,141691,25℃,30℃,小雨~多云,85619,80271,Y,0,23.18
207,2019/07/27,Y,週六,12,141691,25℃,30℃,中雨~多云,89578,79408,Y,0,35.264
208,2019/07/28,Y,週日,12,141691,25℃,29℃,小雨~多云,90909,86856,Y,0,45.486
209,2019/07/29,N,0,12,141691,25℃,31℃,多云,83236,81662,Y,0,24.106
210,2019/07/30,N,0,12,141691,26℃,31℃,多云,82388,78338,Y,0,19.608
211,2019/07/31,N,0,12,141691,25℃,31℃,多云,80138,78176,Y,0,13.6
212,2019/08/01,N,0,12,141691,25℃,30℃,多云,76933,73775,Y,0,15.323
213,2019/08/02,N,0,12,141691,25℃,30℃,多云,83784,77986,Y,0,24.553
214,2019/08/03,Y,週六,12,141691,25℃,30℃,多云,89977,83131,N,0,42.581
215,2019/08/04,Y,週日,12,141691,25℃,30℃,晴,94395,90844,Y,0,53.297
216,2019/08/05,N,0,12,141691,26℃,30℃,多云,83844,81426,Y,0,31.772
217,2019/08/06,N,0,12,141691,26℃,31℃,多云,80172,75911,Y,0,26.677
218,2019/08/07,N,0,12,141691,26℃,30℃,小雨~中雨,89520,83339,Y,0,26.154
219,2019/08/08,N,0,12,141691,27℃,30℃,大雨,84766,78157,N,0,30.057
220,2019/08/09,N,0,12,141691,27℃,31℃,暴雨~阴,90495,83191,Y,0,66.264
221,2019/08/10,Y,週六,12,141691,28℃,33℃,阴,94586,81841,Y,0,43.091
222,2019/08/11,Y,週日,12,141691,27℃,32℃,阴,92915,88685,Y,0,37.817
223,2019/08/12,N,0,12,141691,26℃,31℃,小雨~多云,86828,81584,Y,0,15.468
224,2019/08/13,N,0,12,141691,26℃,31℃,多云,81005,74570,Y,0,25.207
225,2019/08/14,N,0,12,141691,26℃,31℃,小雨~阴,85156,78659,Y,0,28.876
226,2019/08/15,N,中元節,12,141691,26℃,31℃,小雨~多云,80708,79232,Y,0,20.428
227,2019/08/16,N,0,12,141691,26℃,30℃,小雨~多云,87087,82390,Y,0,29.482
228,2019/08/17,Y,週六,12,141691,25℃,31℃,小雨~多云,88323,79167,Y,0,38.848
229,2019/08/18,Y,週日,12,141691,24℃,29℃,暴雨~大雨,89870,89576,Y,0,41.755
230,2019/08/19,N,0,12,141691,25℃,28℃,大雨~小雨,78586,77729,Y,0,38.325
231,2019/08/21,N,0,12,141691,26℃,29℃,小雨~多云,80793,82309,Y,0,17.201
232,2019/08/22,N,0,12,141691,25℃,31℃,多云,73666,79460,Y,0,23.247
233,2019/08/23,N,0,12,141691,26℃,31℃,多云~中雨,45340,51003,Y,0,24.998
234,2019/08/24,Y,週六,12,141691,26℃,29℃,中雨~小雨,100087,94535,Y,0,43.19
235,2019/08/25,Y,週日,12,141691,26℃,31℃,小雨~阴,94702,96428,Y,0,45.0
236,2019/08/26,N,0,12,141691,25℃,30℃,阴~多云,79602,79372,Y,0,24.977
237,2019/08/27,N,0,12,141691,26℃,31℃,多云,72213,81471,Y,0,23.795
238,2019/08/28,N,0,12,141691,26℃,31℃,多云,80123,86895,Y,0,21.915
239,2019/08/29,N,0,12,141691,25℃,31℃,多云~小雨,75631,83071,Y,0,15.758
240,2019/08/30,N,0,12,141691,25℃,29℃,中雨~阴,81908,95396,Y,0,10.958
241,2019/08/31,Y,週六,12,141691,25℃,30℃,多云,85842,89570,Y,0,39.218
242,2019/09/01,Y,週日,12,141691,26℃,30℃,多云,84440,95061,Y,0,40.024
243,2019/09/02,N,0,12,141691,25℃,30℃,多云~阴,82251,89439,Y,0,28.853
244,2019/09/03,N,軍人節,12,141691,25℃,30℃,多云~小雨,76750,82758,Y,0,26.181
245,2019/09/04,N,0,12,141691,25℃,28℃,小雨~大雨,80455,86007,Y,0,19.861
246,2019/09/05,N,0,12,141691,25℃,28℃,大雨~小雨,77824,81536,Y,0,17.367
247,2019/09/06,N,0,12,141691,25℃,31℃,多云,87760,87922,Y,0,25.554
248,2019/09/07,Y,週六,12,141691,25℃,31℃,阴~多云,66582,69555,Y,0,32.662
249,2019/09/08,Y,週日,12,141691,24℃,30℃,小雨~晴,104119,92054,Y,0,44.174
250,2019/09/09,N,0,12,141691,25℃,30℃,多云,93464,83309,Y,0,25.898
251,2019/09/10,N,0,12,141691,25℃,31℃,多云,83326,78086,Y,0,21.819
252,2019/09/11,N,0,12,141691,25℃,31℃,多云,83470,76710,N,0,13.3
253,2019/09/12,N,0,12,141691,25℃,31℃,多云,83600,73659,Y,0,22.498
254,2019/09/13,Y,中秋節,12,141691,25℃,31℃,多云,77378,78082,Y,0,18.608
255,2019/09/14,Y,週六,12,141691,25℃,30℃,多云~小雨,78071,76782,Y,0,30.3
256,2019/09/15,Y,週日,12,141691,25℃,29℃,小雨,79919,82933,Y,0,25.592
257,2019/09/16,N,0,12,141691,24℃,29℃,多云~小雨,66666,76345,Y,0,49.963
258,2019/09/17,N,0,12,141691,25℃,28℃,阴~小雨,63105,68975,Y,0,44.725
259,2019/09/18,N,0,12,141691,24℃,28℃,小雨,66367,69975,Y,0,25.038
260,2019/09/19,N,0,12,141691,24℃,27℃,阴~小雨,69597,67545,Y,0,18.21
261,2019/09/20,N,0,12,141691,22℃,26℃,大雨,81434,74054,Y,0,18.508
262,2019/09/21,Y,週六,12,141691,23℃,26℃,中雨~阴,75692,67155,Y,0,52.8
263,2019/09/22,Y,週日,12,141691,22℃,27℃,阴~多云,82965,75143,Y,0,42.125
264,2019/09/23,N,0,12,141691,22℃,26℃,多云,63930,63000,Y,0,31.296
265,2019/09/24,N,0,12,141691,22℃,26℃,多云,68602,57105,Y,0,25.926
266,2019/09/25,N,0,12,141691,21℃,25℃,多云,73208,66111,Y,0,12.302
267,2019/09/26,N,0,12,141691,22℃,25℃,小雨~中雨,77443,70865,Y,0,19.112
268,2019/09/27,N,0,12,141691,23℃,25℃,中雨~小雨,68007,69462,Y,0,19.327
269,2019/09/28,Y,教師節,12,141691,23℃,26℃,小雨,65982,61528,Y,0,51.024
270,2019/09/29,Y,週日,12,141691,24℃,27℃,小雨~中雨,84314,87941,Y,0,49.612
271,2019/09/30,N,0,12,141691,23℃,25℃,大暴雨~暴雨,71948,83765,Y,0,50.613
272,2019/10/01,N,0,12,141691,23℃,28℃,多云,65660,77139,Y,0,23.213
273,2019/10/02,N,0,12,141691,23℃,29℃,多云,60577,73920,Y,0,17.81
274,2019/10/03,N,0,12,141691,22℃,27℃,小雨~多云,62788,70924,Y,0,15.302
275,2019/10/04,N,0,12,141691,22℃,27℃,晴,75508,77135,Y,0,23.097
276,2019/10/05,N,0,12,141691,23℃,27℃,多云~小雨,78992,69718,Y,0,39.117
277,2019/10/06,Y,週日,12,141691,22℃,26℃,多云~晴,83161,77532,Y,0,60.229
278,2019/10/07,N,重陽節,12,141691,22℃,27℃,晴~多云,77517,77948,Y,0,8.341
279,2019/10/08,N,0,12,141691,22℃,26℃,多云~小雨,73456,67094,Y,0,20.012
280,2019/10/09,N,0,12,141691,21℃,25℃,多云~晴,77187,68240,Y,0,22.698
281,2019/10/10,Y,國慶日/雙十節彈性放假,12,141691,20℃,25℃,晴,76806,64425,Y,0,32.94
282,2019/10/11,Y,雙十節彈性放假,12,141691,21℃,26℃,晴,88328,67952,Y,0,25.861
283,2019/10/12,Y,週六,12,141691,21℃,26℃,多云,86963,64205,Y,0,32.33
284,2019/10/13,Y,週日,12,141691,21℃,25℃,多云,84485,65004,Y,0,37.747
285,2019/10/14,N,0,12,141691,21℃,24℃,多云~小雨,57485,48194,Y,0,26.214
286,2019/10/15,N,0,12,141691,19℃,23℃,小雨,93634,62193,Y,0,29.042
287,2019/10/16,N,0,12,141691,20℃,23℃,阴~小雨,77107,57769,Y,0,22.902
288,2019/10/17,N,0,12,141691,20℃,23℃,阴~多云,70177,63550,Y,0,23.058
289,2019/10/18,N,0,12,141691,20℃,23℃,多云~阴,69355,76965,Y,0,32.764
290,2019/10/19,Y,週六,12,141691,20℃,23℃,小雨,64384,86449,N,0,60.114
291,2019/10/20,Y,週日,12,141691,20℃,23℃,小雨,64848,98764,Y,0,61.795
292,2019/10/21,N,0,12,141691,19℃,23℃,多云,50602,92298,Y,0,27.951
293,2019/10/22,N,0,12,141691,19℃,24℃,多云,51250,93356,Y,0,28.952
294,2019/10/23,N,0,12,141691,19℃,24℃,多云,57170,106845,Y,0,20.004
295,2019/10/24,N,0,12,141691,20℃,23℃,多云,63751,101818,Y,0,24.552
296,2019/10/25,N,台灣光復節,12,141691,19℃,24℃,多云,84786,86876,Y,0,20.586
297,2019/10/26,Y,週六,12,141691,19℃,23℃,多云,82812,60131,Y,0,45.124
298,2019/10/27,Y,週日,12,141691,20℃,24℃,多云~小雨,107098,81217,Y,0,34.471
299,2019/10/28,N,0,12,141691,19℃,24℃,小雨,97032,81612,Y,0,20.013
300,2019/10/29,N,0,12,141691,19℃,21℃,小雨,85401,73084,Y,0,34.939
301,2019/10/30,N,0,12,141691,21℃,23℃,小雨~大雨,77907,71706,Y,0,21.774
302,2019/10/31,N,0,12,141691,21℃,24℃,中雨~小雨,76337,74649,Y,0,21.441
303,2019/11/01,N,0,12,141691,21℃,24℃,小雨,86856,81395,Y,0,15.121
304,2019/11/02,Y,週六,12,141691,21℃,25℃,多云,88370,77989,Y,0,34.429
305,2019/11/03,Y,週日,12,141691,20℃,23℃,小雨,91885,86727,Y,0,51.845
306,2019/11/04,N,0,12,141691,19℃,22℃,小雨,83009,78456,Y,0,25.853
307,2019/11/05,N,0,12,141691,19℃,21℃,小雨,79694,73608,Y,0,34.047
308,2019/11/06,N,0,12,141691,19℃,23℃,阴~多云,80588,74302,Y,0,27.866
309,2019/11/07,N,0,12,141691,19℃,22℃,小雨,80301,73787,Y,0,17.893
310,2019/11/08,N,0,12,141691,17℃,21℃,小雨,88516,80977,Y,0,28.591
311,2019/11/09,Y,週六,12,141691,16℃,21℃,阴~多云,89682,77897,Y,0,34.979
312,2019/11/10,Y,週日,12,141691,16℃,22℃,多云~晴,85407,82700,Y,0,22.892
313,2019/11/11,N,0,12,141691,17℃,22℃,晴~多云,74748,77169,Y,0,25.705
314,2019/11/12,N,0,12,141691,18℃,23℃,晴,69362,69363,Y,0,34.933
315,2019/11/13,N,0,12,141691,18℃,24℃,晴~小雨,69564,68336,Y,0,31.678
316,2019/11/14,N,0,12,141691,17℃,20℃,小雨~多云,75457,69482,Y,0,20.124
317,2019/11/15,N,0,12,141691,18℃,22℃,多云~晴,82678,75392,Y,0,24.866
318,2019/11/16,Y,週六,12,141691,19℃,24℃,晴~小雨,77890,69181,Y,0,41.826
319,2019/11/17,Y,週日,12,141691,20℃,25℃,晴~多云,81373,82595,Y,0,50.731
320,2019/11/18,N,0,12,141691,16℃,22℃,小雨,70997,77576,N,0,28.522
321,2019/11/19,N,0,12,141691,16℃,19℃,小雨,70298,77630,Y,0,30.952
322,2019/11/20,N,0,12,141691,17℃,20℃,小雨,65893,70015,Y,0,13.694
323,2019/11/21,N,0,12,141691,20℃,22℃,小雨,70763,74775,Y,0,29.379
324,2019/11/22,N,0,12,141691,19℃,23℃,小雨~阴,81966,79357,Y,0,24.428
325,2019/11/23,Y,週六,12,141691,19℃,24℃,阴,82371,77138,Y,0,40.087
326,2019/11/24,Y,週日,12,141691,19℃,23℃,多云~小雨,84114,83480,Y,0,40.655
327,2019/11/25,N,0,12,141691,17℃,21℃,小雨,75306,78768,Y,0,25.691
328,2019/11/26,N,0,12,141691,18℃,20℃,小雨,72820,76074,Y,0,25.157
329,2019/11/27,N,0,12,141691,16℃,20℃,小雨,71299,73932,Y,0,20.943
330,2019/11/28,N,0,12,141691,14℃,17℃,小雨,77201,76060,Y,0,21.975
331,2019/11/29,N,0,12,141691,17℃,21℃,小雨,88520,84240,Y,0,15.251
332,2019/11/30,Y,週六,12,141691,19℃,22℃,小雨~晴,83927,77849,Y,0,39.439
333,2019/12/01,Y,週日,12,141691,16℃,23℃,多云~小雨,86392,88211,Y,0,40.427
334,2019/12/02,N,0,12,141691,13℃,17℃,小雨~阴,77125,79347,Y,0,25.994
335,2019/12/03,N,0,12,141691,14℃,18℃,小雨,75353,72861,Y,0,17.161
336,2019/12/04,N,0,12,141691,16℃,18℃,小雨~中雨,75618,72556,Y,0,14.029
337,2019/12/05,N,0,12,141691,16℃,17℃,大雨,78332,74395,Y,0,22.242
338,2019/12/06,N,0,12,141691,14℃,17℃,大雨~中雨,85121,78904,Y,0,33.065
339,2019/12/07,Y,週六,12,141691,13℃,16℃,小雨~多云,83730,74585,Y,0,44.479
340,2019/12/08,Y,週日,12,141691,14℃,18℃,多云,86251,85453,Y,0,51.936
341,2019/12/09,N,0,12,141691,16℃,20℃,多云,77447,77493,Y,0,25.087
342,2019/12/10,N,0,12,141691,17℃,22℃,多云,71013,70329,Y,0,35.384
343,2019/12/11,N,0,12,141691,16℃,21℃,多云,71640,70628,Y,0,26.508
344,2019/12/12,N,0,12,141691,16℃,19℃,多云~晴,73259,72153,Y,0,20.589
345,2019/12/13,N,0,12,141691,17℃,22℃,多云,82371,77526,Y,0,22.198
346,2019/12/14,Y,週六,12,141691,17℃,22℃,小雨~多云,81425,72806,Y,0,48.436
347,2019/12/15,Y,週日,12,141691,17℃,23℃,晴,81873,83733,Y,0,35.864
348,2019/12/16,N,0,12,141691,17℃,23℃,晴,72038,72647,Y,0,37.364
349,2019/12/17,N,0,12,141691,19℃,24℃,晴~多云,73232,66297,Y,0,23.557
350,2019/12/18,N,0,12,141691,19℃,21℃,小雨,71311,71099,Y,0,17.351
351,2019/12/19,N,0,12,141691,17℃,20℃,小雨,72431,68699,Y,0,20.311
352,2019/12/20,N,0,12,141691,17℃,20℃,小雨~中雨,82408,76155,Y,0,19.998
353,2019/12/21,Y,週六,12,141691,18℃,22℃,阴,76422,69892,Y,0,38.078
354,2019/12/22,Y,週日,12,141691,17℃,20℃,小雨,78996,83038,Y,0,39.301
355,2019/12/23,N,0,12,141691,17℃,20℃,多云,72622,76018,Y,0,21.382
356,2019/12/24,N,0,12,141691,18℃,21℃,多云~阴,68734,71975,Y,0,30.848
357,2019/12/25,N,行憲紀念日,12,141691,18℃,22℃,多云~小雨,67410,68925,Y,0,11.939
358,2019/12/26,N,0,12,141691,15℃,21℃,多云~小雨,71872,71838,Y,0,20.585
359,2019/12/27,N,0,12,141691,15℃,19℃,小雨,82841,76669,Y,0,21.24
360,2019/12/28,Y,週六,12,141691,19℃,22℃,小雨,80891,72259,Y,0,39.368
361,2019/12/29,Y,週日,12,141691,20℃,22℃,小雨~阴,82509,83526,Y,0,55.113
362,2019/12/30,N,0,12,141691,17℃,22℃,小雨,76323,75870,Y,0,46.337
363,2019/12/31,N,0,12,141691,14℃,20℃,阴~多云,71967,73015,Y,0,57.013
364,2020/01/01,Y,中華民國開國紀念日/元旦,12,141691,15°C,11℃,小雨,74370,69915,Y,0,43.828
365,2020/01/02,N,0,12,141691,19°C,14℃,阴转多云,78699,69102,Y,0,31.847
366,2020/01/03,N,0,12,141691,21°C,17℃,多云,90425,78297,Y,0,34.478
367,2020/01/04,Y,週六,12,141691,21°C,17℃,多云转阴,86818,69877,Y,0,54.539
368,2020/01/05,Y,週日,12,141691,19°C,15℃,小雨转中雨,86780,72426,Y,0,93.151
369,2020/01/06,N,0,12,141691,18°C,15℃,中雨,79536,66986,Y,0,48.626
370,2020/01/07,N,0,12,141691,17℃,23℃,雾~多云,79126,62823,Y,0,28.765
371,2020/01/08,N,0,12,141691,15℃,19℃,阴,78388,67176,Y,0,18.024
372,2020/01/09,N,0,12,141691,16℃,20℃,阴~多云,78321,71065,Y,0,10.821
373,2020/01/10,N,0,12,141691,17℃,22℃,阴~晴,83861,79749,Y,0,19.444
374,2020/01/11,Y,週六,12,141691,15℃,20℃,阴~小雨,87505,87797,Y,0,52.896
375,2020/01/12,Y,週日,12,141691,14℃,17℃,阴~小雨,79007,79436,Y,0,79.574
376,2020/01/13,N,0,12,141691,15℃,17℃,阴~小雨,71450,72365,Y,0,48.322
377,2020/01/14,N,0,12,141691,15℃,19℃,小雨,68370,74344,Y,0,20.193
378,2020/01/15,N,0,12,141691,17℃,19℃,阴~多云,74280,81440,Y,0,18.87
379,2020/01/16,N,0,12,141691,15℃,19℃,阴~小雨,70216,77575,Y,0,17.997
380,2020/01/17,N,0,12,141691,13℃,15℃,阴~小雨,67140,76508,Y,0,39.256
381,2020/01/18,Y,春節前週六,12,141691,13℃,15℃,阴~多云,67426,73056,Y,0,61.389
382,2020/01/19,Y,春節前週日,12,141691,14℃,17℃,阴~小雨,73388,82128,Y,0,28.837
383,2020/01/20,N,春節前週一,12,141691,12℃,17℃,阴~多云,64143,70905,Y,0,30.094
384,2020/01/21,N,春節前週二,12,141691,16℃,19℃,多云~阴,62543,60599,Y,0,17.628
385,2020/01/22,N,春節前週三,12,141691,17℃,21℃,阴~多云,66095,53168,Y,0,47.844
386,2020/01/23,Y,春節前週四,12,141691,18℃,21℃,阴~多云,78991,51556,Y,0,74.0
387,2020/01/24,Y,夕除,12,141691,18℃,21℃,阴~小雨,91679,61510,Y,0,21.062
388,2020/01/25,Y,春節,12,141691,18℃,21℃,阴~中雨,68865,79201,Y,0,8.609
389,2020/01/26,Y,農曆初二,12,141691,14℃,19℃,阴~小雨,58395,95803,Y,0,15.196
390,2020/01/27,Y,農曆初三,12,141691,12℃,14℃,阴~小雨,52437,87293,Y,0,32.317
391,2020/01/28,Y,農曆初四,12,141691,11℃,14℃,阴~小雨,55641,83565,Y,0,35.89
392,2020/01/29,Y,農曆初五,12,141691,9℃,13℃,阴~多云,64887,82792,Y,0,33.246
393,2020/01/30,N,0,12,141691,9℃,13℃,多云~晴,69449,79551,Y,0,29.868
394,2020/01/31,N,0,12,141691,10℃,14℃,多云~晴,79091,86520,Y,0,5.362
395,2020/02/01,Y,週六,12,141691,13℃,16℃,多云~晴,80578,86665,Y,0,12.685
396,2020/02/02,Y,週日,12,141691,14℃,18℃,多云,80254,86096,Y,0,0.315
397,2020/02/03,N,0,12,141691,15℃,18℃,阴~小雨,77561,78927,Y,0,37.87
398,2020/02/04,N,農民節,12,141691,14℃,17℃,阴~小雨,80794,88561,Y,0,52.359
399,2020/02/05,N,0,12,141691,15℃,16℃,阴~小雨,88033,91638,Y,1,42.697
400,2020/02/06,N,0,12,141691,15℃,20℃,阴~小雨,87221,91885,Y,1,47.695
401,2020/02/07,N,0,12,141691,14℃,16℃,阴~小雨,75875,79559,Y,3,39.187
402,2020/02/08,Y,元宵節,12,141691,13℃,15℃,阴~小雨,62596,74858,Y,3,59.448
403,2020/02/09,Y,週日,12,141691,13℃,14℃,阴~多云,69022,78498,Y,4,44.546
404,2020/02/10,N,0,12,141691,15℃,19℃,多云,75533,80962,Y,5,0.846
405,2020/02/11,N,0,12,141691,16℃,19℃,阴~多云,82415,81280,Y,8,22.791
406,2020/02/12,N,0,12,141691,17℃,20℃,多云~晴,88489,82905,Y,8,28.266
407,2020/02/13,N,0,12,141691,18℃,21℃,阴~小雨,73869,73724,Y,9,22.413
408,2020/02/14,N,0,12,141691,18℃,21℃,阴,74601,75117,Y,10,30.708
409,2020/02/15,N,特殊工作日,12,141691,12℃,22℃,多云~中雨,72159,67114,Y,10,31.279
410,2020/02/16,Y,週日,12,141691,9℃,13℃,阴~小雨,78055,70556,Y,10,73.57
411,2020/02/17,N,0,12,141691,9℃,11℃,阴~多云,68430,60373,Y,10,43.59
412,2020/02/18,N,0,12,141691,12℃,14℃,阴~多云,66117,57593,Y,11,38.106
413,2020/02/19,N,0,12,141691,14℃,19℃,多云~晴,61370,52547,Y,11,34.612
414,2020/02/20,N,0,12,141691,16℃,20℃,阴~晴,57931,46233,Y,15,20.337
415,2020/02/21,N,0,12,141691,15℃,22℃,晴,54738,44923,Y,15,18.549
416,2020/02/22,Y,週六,12,141691,17℃,21℃,阴~小雨,57787,42716,Y,16,67.041
417,2020/02/23,Y,週日,12,141691,18℃,21℃,多云,60096,44960,Y,17,51.717
418,2020/02/24,N,0,12,141691,17℃,23℃,多云~晴,50763,38071,Y,17,27.364
419,2020/02/25,N,0,12,141691,18℃,23℃,晴,44262,35210,Y,17,30.192
420,2020/02/26,N,0,12,141691,17℃,22℃,多云~小雨,39918,31917,Y,17,28.797
421,2020/02/27,N,0,12,141691,18℃,19℃,阴~小雨,37274,29603,Y,17,23.478
422,2020/02/28,Y,228連假,12,141691,17℃,22℃,阴,34786,29832,Y,16,23.956
423,2020/02/29,Y,週六,12,141691,18℃,21℃,阴~小雨,36221,28757,Y,16,51.671
424,2020/03/01,Y,週日,12,141691,15℃,21℃,阴~小雨,35316,28698,Y,18,55.696
425,2020/03/02,N,0,12,141691,17℃,18℃,阴,31261,25840,Y,20,57.312
426,2020/03/03,N,0,12,141691,17℃,20℃,多云,29726,22704,Y,20,35.229
427,2020/03/04,N,0,12,141691,15℃,19℃,阴~中雨,26435,21510,Y,21,26.531
428,2020/03/05,N,0,12,141691,15℃,17℃,阴~小雨,24940,20781,Y,22,34.787
429,2020/03/06,N,0,12,141691,18℃,22℃,多云~小雨,24225,21118,Y,24,25.465
430,2020/03/07,Y,週六,12,141691,19℃,21℃,阴~多云,24592,18695,Y,24,64.272
431,2020/03/08,Y,婦女節,12,141691,19℃,22℃,阴~晴,24365,20049,Y,26,71.838
432,2020/03/09,N,0,12,141691,17℃,23℃,多云~大雨,17929,21214,Y,25,48.928
433,2020/03/10,N,0,12,141691,15℃,17℃,阴~多云,16917,17916,Y,26,29.519
434,2020/03/11,N,0,12,141691,17℃,18℃,阴~小雨,15424,15563,Y,27,26.351
435,2020/03/12,N,0,12,141691,18℃,21℃,阴,14112,14276,Y,27,24.583
436,2020/03/13,N,0,12,141691,16℃,21℃,阴~小雨,14805,14979,Y,28,18.193
437,2020/03/14,Y,週六,12,141691,13℃,16℃,阴~晴,16181,12526,Y,30,48.68
438,2020/03/15,Y,週日,12,141691,14℃,19℃,晴,16310,14850,Y,31,64.199
439,2020/03/16,N,0,12,141691,16℃,21℃,晴,12284,12713,Y,29,44.025
440,2020/03/17,N,0,12,141691,17℃,21℃,多云~阴,11827,11517,Y,30,33.282
441,2020/03/18,N,0,12,141691,18℃,20℃,阴~小雨,10026,11107,N,30,39.707
442,2020/03/19,N,0,12,141691,19℃,21℃,阴~小雨,9291,10639,Y,32,40.248
443,2020/03/20,N,0,12,141691,19℃,21℃,多云,8858,10724,Y,33,52.795
444,2020/03/21,Y,週六,12,141691,20℃,23℃,多云,9504,9522,Y,33,76.517
445,2020/03/22,Y,週日,12,141691,19℃,26℃,多云~阴,10699,10522,Y,32,81.069
446,2020/03/23,N,0,12,141691,19℃,21℃,阴~多云,8072,9228,Y,30,21.922
447,2020/03/24,N,0,12,141691,20℃,23℃,阴~小雨,8065,9307,Y,30,60.519
448,2020/03/25,N,0,12,141691,21℃,24℃,阴~小雨,7581,8364,Y,31,32.099
449,2020/03/26,N,0,12,141691,21℃,25℃,阴~小雨,7702,7830,Y,29,25.445
450,2020/03/27,N,0,12,141691,18℃,24℃,阴~小雨,7550,7444,Y,30,32.658
451,2020/03/28,Y,週六,12,141691,15℃,21℃,阴~小雨,9277,7166,N,33,60.629
452,2020/03/29,Y,青年節,12,141691,18℃,20℃,阴~多云,10785,8253,Y,39,39.995
453,2020/03/30,N,0,12,141691,19℃,21℃,多云~小雨,8294,6805,Y,47,27.602
454,2020/03/31,N,0,12,141691,19℃,22℃,阴~小雨,8423,5741,Y,55,36.971
455,2020/04/01,N,0,12,141691,17℃,20℃,阴~小雨,8508,5643,Y,78,32.524
456,2020/04/02,Y,Children's Day Holiday,12,141691,18℃,21℃,小雨,6511,4937,Y,82,52.88
457,2020/04/03,Y,清明節 補假,12,141691,19℃,22℃,小雨,5607,5205,Y,109,37.706
458,2020/04/04,Y,兒童節,12,141691,18℃,20℃,小雨,4965,3470,Y,125,45.749
459,2020/04/05,Y,週日,12,141691,18℃,20℃,小雨~大雨,4413,2896,Y,141,41.178
460,2020/04/06,N,0,12,141691,18℃,21℃,中雨,3006,2418,Y,167,24.838
461,2020/04/07,N,0,12,141691,17℃,20℃,阴,2986,2230,Y,186,35.916
462,2020/04/08,N,0,12,141691,17℃,21℃,多云~小雨,2776,1662,Y,206,21.145
463,2020/04/09,N,0,12,141691,18℃,22℃,阴~多云,2792,1212,Y,223,20.036
464,2020/04/10,N,0,12,141691,18℃,24℃,晴~多云,2303,1697,Y,238,25.385
465,2020/04/11,Y,週六,12,141691,15℃,23℃,阴~中雨,1922,1308,N,253,75.965
466,2020/04/12,Y,週日,12,141691,13℃,17℃,阴~晴,1761,1013,Y,268,80.262
467,2020/04/13,N,0,12,141691,14℃,20℃,多云,1959,1006,Y,267,29.495
468,2020/04/14,N,0,12,141691,17℃,20℃,阴,1799,1372,Y,283,27.808
469,2020/04/15,N,0,12,141691,16℃,22℃,阴~多云,1588,1087,Y,290,21.634
470,2020/04/16,N,0,12,141691,18℃,25℃,多云~晴,1374,1193,Y,294,24.847
471,2020/04/17,N,0,12,141691,19℃,25℃,晴,1019,491,Y,298,25.433
472,2020/04/18,Y,週六,12,141691,21℃,24℃,阴,629,435,Y,305,76.131
473,2020/04/19,Y,週日,12,141691,21℃,25℃,阴~多云,1121,484,N,313,84.976
474,2020/04/20,N,0,12,141691,20℃,23℃,阴~多云,706,739,N,316,26.656
475,2020/04/21,N,0,12,141691,18℃,24℃,阴~小雨,700,688,Y,319,32.014
476,2020/04/22,N,0,12,141691,18℃,20℃,阴~中雨,653,781,Y,318,24.655
477,2020/04/23,N,0,12,141691,17℃,20℃,阴~中雨,681,685,Y,313,19.743
478,2020/04/24,N,0,12,141691,18℃,18℃,阴~小雨,867,618,Y,291,25.521
479,2020/04/25,Y,週六,12,141691,19℃,22℃,阴~小雨,784,519,Y,286,59.22
480,2020/04/26,Y,週日,12,141691,20℃,22℃,阴,1262,756,Y,279,56.866
481,2020/04/27,N,0,12,141691,19℃,23℃,阴~多云,602,872,Y,284,22.038
482,2020/04/28,N,0,12,141691,19℃,25℃,多云,371,351,Y,269,26.372
483,2020/04/29,N,0,12,141691,19℃,26℃,多云~晴,777,1139,Y,271,16.16
484,2020/04/30,N,0,12,141691,20℃,25℃,晴~多云,653,741,Y,240,26.694
485,2020/05/01,N,勞動節,12,141691,21℃,25℃,多云,851,381,Y,229,42.579
486,2020/05/02,Y,週六,12,141691,22℃,26℃,阴~多云,714,420,Y,220,38.183
487,2020/05/03,Y,週日,12,141691,23℃,29℃,多云~晴,689,580,Y,231,40.054
488,2020/05/04,N,0,12,141691,23℃,28℃,多云,968,798,Y,219,38.247
489,2020/05/05,N,0,12,141691,23℃,28℃,阴~小雨,572,373,Y,208,42.517
490,2020/05/06,N,0,12,141691,23℃,27℃,阴~小雨,683,895,Y,190,20.831
491,2020/05/07,N,0,12,141691,24℃,26℃,阴,614,842,Y,174,20.622
492,2020/05/08,N,0,12,141691,24℃,28℃,晴~多云,491,499,Y,164,18.812
493,2020/05/09,Y,週六,12,141691,25℃,30℃,多云,310,425,Y,154,26.806
494,2020/05/10,Y,週日,12,141691,23℃,29℃,晴~中雨,852,590,Y,148,39.417
495,2020/05/11,N,0,12,141691,23℃,27℃,阴~小雨,214,768,Y,139,24.67
496,2020/05/12,N,0,12,141691,22℃,24℃,阴,299,226,Y,122,32.397
497,2020/05/13,N,0,12,141691,22℃,27℃,多云,783,1006,Y,118,32.919
498,2020/05/14,N,0,12,141691,23℃,28℃,多云~晴,785,1266,Y,107,27.219
499,2020/05/15,N,0,12,141691,24℃,28℃,多云~晴,1259,1380,Y,105,21.387
500,2020/05/16,Y,週六,12,141691,24℃,29℃,阴~多云,1010,602,Y,108,44.553
501,2020/05/17,Y,週日,12,141691,24℃,28℃,多云,1032,854,Y,104,46.4
502,2020/05/18,N,0,12,141691,23℃,28℃,阴~小雨,744,1013,Y,104,25.444
503,2020/05/19,N,0,12,141691,22℃,25℃,阴~小雨,299,633,Y,104,40.176
504,2020/05/20,N,0,12,141691,23℃,26℃,阴~大雨,903,892,Y,100,8.884
505,2020/05/21,N,0,12,141691,23℃,25℃,阴~大雨,599,322,Y,93,15.581
506,2020/05/22,N,0,12,141691,23℃,26℃,阴~大雨,523,925,Y,85,28.368
507,2020/05/23,Y,週六,12,141691,23℃,26℃,阴~小雨,576,644,Y,79,56.481
508,2020/05/24,Y,週日,12,141691,23℃,28℃,阴~小雨,1151,900,Y,74,50.817
509,2020/05/25,N,0,12,141691,24℃,27℃,多云~阴,548,1103,Y,72,33.596
510,2020/05/26,N,0,12,141691,24℃,28℃,阴~大雨,204,481,Y,68,24.94
511,2020/05/27,N,0,12,141691,23℃,26℃,阴~小雨,766,797,Y,65,24.328
512,2020/05/28,N,0,12,141691,23℃,26℃,阴~小雨,869,448,Y,57,20.98
513,2020/05/29,N,0,12,141691,24℃,28℃,阴,794,1317,Y,53,23.995
514,2020/05/30,Y,週六,12,141691,25℃,29℃,阴~多云,846,852,Y,51,42.462
515,2020/05/31,Y,週日,12,141691,24℃,29℃,阴,1029,838,Y,45,2.444
516,2020/06/01,N,0,12,141691,24℃,28℃,阴~小雨,573,1216,Y,42,3.716
517,2020/06/02,N,0,12,141691,25℃,29℃,阴,208,987,Y,42,12.191
518,2020/06/03,N,0,12,141691,24℃,30℃,多云~阴,1241,693,Y,42,19.679
519,2020/06/04,N,0,12,141691,25℃,30℃,多云,634,604,Y,42,23.772
520,2020/06/05,N,0,12,141691,25℃,30℃,多云~阴,719,774,Y,33,27.648
521,2020/06/06,Y,週六,12,141691,25℃,30℃,阴~小雨,369,556,Y,30,45.165
522,2020/06/07,Y,週日,12,141691,24℃,28℃,阴~中雨,963,615,Y,27,51.137
523,2020/06/08,N,0,12,141691,25℃,27℃,阴,439,866,Y,26,28.547
524,2020/06/09,N,0,12,141691,25℃,28℃,阴,310,780,N,25,33.964
525,2020/06/10,N,0,12,141691,25℃,30℃,阴~小雨,777,917,Y,22,24.282
526,2020/06/11,N,0,12,141691,25℃,29℃,阴,727,579,Y,21,14.757
527,2020/06/12,N,0,12,141691,25℃,31℃,多云~晴,914,1727,Y,22,24.183
528,2020/06/13,Y,週六,12,141691,25℃,31℃,晴,557,815,Y,21,26.545
529,2020/06/14,Y,週日,12,141691,25℃,30℃,阴~多云,1099,1037,Y,19,33.917
530,2020/06/15,N,0,12,141691,25℃,30℃,阴~多云,959,1515,Y,16,26.686
531,2020/06/16,N,0,12,141691,26℃,31℃,阴~多云,708,1362,Y,16,29.778
532,2020/06/17,N,0,12,141691,25℃,31℃,阴~多云,1370,789,N,15,15.759
533,2020/06/18,N,0,12,141691,25℃,31℃,阴,1157,528,Y,15,19.426
534,2020/06/19,N,0,12,141691,26℃,31℃,阴,1018,1581,Y,14,28.432
535,2020/06/20,N,特殊工作日,12,141691,25℃,31℃,阴,691,835,Y,14,35.567
536,2020/06/21,Y,週日,12,141691,26℃,31℃,阴,1538,1033,Y,13,32.16
537,2020/06/22,N,0,12,141691,26℃,31℃,阴,1316,1755,Y,13,14.554
538,2020/06/23,N,0,12,141691,26℃,31℃,阴,552,928,Y,12,21.073
539,2020/06/24,N,0,12,141691,26℃,32℃,阴~晴,1489,653,N,12,24.41
540,2020/06/25,Y,端午節彈性放假,12,141691,26℃,31℃,阴~多云,884,1061,Y,12,28.527
541,2020/06/26,Y,端午節 補假,12,141691,26℃,31℃,阴~多云,780,954,Y,12,21.319
542,2020/06/27,Y,週六,12,141691,26℃,31℃,阴~多云,912,807,Y,12,35.603
543,2020/06/28,Y,週日,12,141691,26℃,31℃,阴~多云,1425,773,Y,12,43.902
544,2020/06/29,N,0,12,141691,26℃,31℃,阴~多云,866,1199,Y,12,30.143
545,2020/06/30,N,0,12,141691,27℃,32℃,阴~多云,668,1120,Y,12,25.106
546,2020/07/01,N,0,12,141691,26℃,31℃,阴~多云,1653,969,Y,11,26.93
547,2020/07/02,N,0,12,141691,26℃,31℃,阴~小雨,532,527,Y,12,26.209
548,2020/07/03,N,0,12,141691,26℃,31℃,阴~多云,1007,1319,Y,12,22.873
549,2020/07/04,Y,週六,12,141691,26℃,31℃,阴~多云,892,953,Y,12,37.752
550,2020/07/05,Y,週日,12,141691,26℃,31℃,阴~多云,1054,746,Y,12,44.189
551,2020/07/06,N,0,12,141691,26℃,31℃,阴~多云,1524,756,Y,11,31.607
552,2020/07/07,N,0,12,141691,26℃,31℃,阴~多云,565,806,Y,11,24.955
553,2020/07/08,N,0,12,141691,27℃,31℃,阴~多云,1440,1044,Y,11,17.0
554,2020/07/09,N,0,12,141691,27℃,30℃,阴~多云,565,907,Y,12,12.966
555,2020/07/10,N,0,12,141691,26℃,32℃,阴~多云,852,1100,Y,12,25.802
556,2020/07/11,Y,週六,12,141691,26℃,32℃,阴~多云,1024,734,Y,12,43.988
557,2020/07/12,Y,週日,12,141691,26℃,32℃,多云,1325,787,Y,12,33.125
558,2020/07/13,N,0,12,141691,26℃,32℃,阴~多云,737,942,Y,12,21.994
559,2020/07/14,N,0,12,141691,26℃,32℃,阴~多云,744,1442,Y,10,23.445
560,2020/07/15,N,0,12,141691,27℃,32℃,阴~多云,1599,2343,Y,9,19.238
561,2020/07/16,N,0,12,141691,26℃,32℃,阴~多云,1357,1851,Y,10,14.923
562,2020/07/17,N,0,12,141691,26℃,32℃,阴~晴,1903,2007,Y,11,29.366
563,2020/07/18,Y,週六,12,141691,26℃,33℃,多云,1140,1009,Y,11,41.82
564,2020/07/19,Y,週日,12,141691,26℃,32℃,多云,2371,1497,Y,11,46.415
565,2020/07/20,N,0,12,141691,26℃,32℃,多云~晴,1000,1471,Y,11,28.36
566,2020/07/21,N,0,12,141691,26℃,32℃,多云~晴,880,1590,Y,11,33.132
567,2020/07/22,N,0,12,141691,26℃,32℃,多云~晴,1505,1711,Y,11,29.168
568,2020/07/23,N,0,12,141691,26℃,32℃,阴~多云,1180,1624,Y,11,19.925
569,2020/07/24,N,0,12,141691,27℃,33℃,多云,1437,2077,Y,11,22.852
570,2020/07/25,Y,週六,12,141691,26℃,31℃,阴~小雨,1096,896,Y,13,36.541
571,2020/07/26,Y,週日,12,141691,26℃,31℃,阴~多云,2052,1710,Y,13,49.47
572,2020/07/27,N,0,12,141691,26℃,32℃,阴~多云,914,1345,Y,13,34.307
573,2020/07/28,N,0,12,141691,25℃,30℃,阴~小雨,719,1357,Y,11,21.221
574,2020/07/29,N,0,12,141691,26℃,31℃,多云,1429,1900,Y,11,20.431
575,2020/07/30,N,0,12,141691,26℃,31℃,多云,1176,1691,Y,11,18.244
576,2020/07/31,N,0,12,141691,26℃,32℃,阴~多云,1651,1753,Y,11,26.063
577,2020/08/01,Y,週六,12,141691,26℃,33℃,阴~多云,986,597,Y,11,46.233
578,2020/08/02,Y,週日,12,141691,25℃,31℃,多云~小雨,2093,1244,Y,11,56.137
579,2020/08/03,N,0,12,141691,26℃,28℃,阴~多云,1144,1935,Y,11,11.907
580,2020/08/04,N,0,12,141691,26℃,31℃,阴~多云,703,1893,Y,11,19.809
581,2020/08/05,N,0,12,141691,26℃,31℃,阴~多云,1256,1583,Y,15,19.052
582,2020/08/06,N,0,12,141691,26℃,32℃,多云~晴,1189,1830,Y,15,14.372
583,2020/08/07,N,0,12,141691,26℃,32℃,多云,1176,1375,Y,18,18.048
584,2020/08/08,Y,週六,12,141691,25℃,31℃,阴~多云,579,615,Y,18,33.183
585,2020/08/09,Y,週日,12,141691,26℃,32℃,阴~多云,2179,1387,Y,18,30.269
586,2020/08/10,N,0,12,141691,26℃,31℃,阴~多云,863,1456,Y,22,22.849
587,2020/08/11,N,0,12,141691,26℃,31℃,阴~多云,697,1796,Y,27,32.078
588,2020/08/12,N,0,12,141691,26℃,31℃,阴~晴,1455,1244,Y,27,19.174
589,2020/08/13,N,0,12,141691,25℃,32℃,晴,1249,1437,Y,27,20.205
590,2020/08/14,N,0,12,141691,25℃,31℃,晴~多云,1673,1899,Y,27,16.575
591,2020/08/15,Y,週六,12,141691,25℃,31℃,多云,814,647,Y,33,41.961
592,2020/08/16,Y,週日,12,141691,25℃,31℃,多云,2597,1633,Y,34,44.948
593,2020/08/17,N,0,12,141691,26℃,32℃,多云,959,1803,Y,33,26.974
594,2020/08/18,N,0,12,141691,26℃,32℃,多云,991,1622,Y,35,24.322
595,2020/08/19,N,0,12,141691,26℃,32℃,晴,2010,2341,Y,35,17.373
596,2020/08/20,N,0,12,141691,25℃,32℃,晴,1390,2303,Y,36,21.163
597,2020/08/21,N,0,12,141691,25℃,32℃,多云~小雨,2366,1982,Y,36,23.186
598,2020/08/22,Y,週六,12,141691,25℃,29℃,阴~中雨,546,535,Y,38,32.446
599,2020/08/23,Y,週日,12,141691,26℃,30℃,阴~多云,2620,1827,Y,36,32.024
600,2020/08/24,N,0,12,141691,26℃,32℃,阴~多云,757,2020,Y,36,51.395
601,2020/08/25,N,0,12,141691,26℃,33℃,阴~多云,797,1279,Y,37,61.004
602,2020/08/26,N,0,12,141691,26℃,31℃,阴~多云,1616,2237,Y,31,30.112
603,2020/08/27,N,0,12,141691,26℃,32℃,阴~多云,1374,2436,Y,31,3.718
604,2020/08/28,N,0,12,141691,26℃,31℃,阴~多云,2111,2571,Y,31,20.441
605,2020/08/29,Y,週六,12,141691,26℃,30℃,阴~多云,573,483,Y,32,43.527
606,2020/08/30,Y,週日,12,141691,25℃,31℃,阴~晴,2983,1908,Y,34,37.693
607,2020/08/31,N,0,12,141691,25℃,30℃,阴~小雨,940,2145,Y,35,46.43
608,2020/09/01,N,0,12,141691,26℃,30℃,阴~多云,775,1167,Y,36,31.743
609,2020/09/02,N,中元節,12,141691,25℃,33℃,阴~小雨,1742,2534,Y,29,14.348
610,2020/09/03,N,軍人節,12,141691,25℃,30℃,阴~多云,1742,2250,Y,29,15.934
611,2020/09/04,N,0,12,141691,24℃,30℃,多云~阴,1979,1914,Y,30,17.549
612,2020/09/05,Y,週六,12,141691,23℃,29℃,阴~晴,555,639,Y,30,37.091
613,2020/09/06,Y,週日,12,141691,23℃,29℃,多云~晴,2751,1670,Y,30,64.866
614,2020/09/07,N,0,12,141691,25℃,31℃,晴~多云,853,1649,Y,30,28.575
615,2020/09/08,N,0,12,141691,25℃,30℃,阴~多云,819,1076,Y,0,26.026
616,2020/09/09,N,0,12,141691,24℃,30℃,多云~小雨,2189,2213,Y,0,11.96
617,2020/09/10,N,0,12,141691,25℃,29℃,阴~多云,1376,2221,Y,0,13.14
618,2020/09/11,N,0,12,141691,25℃,31℃,阴~小雨,2219,2117,Y,0,19.312
619,2020/09/12,Y,週六,12,141691,25℃,29℃,阴~小雨,678,855,Y,0,38.87
620,2020/09/13,Y,週日,12,141691,25℃,30℃,阴~小雨,2984,1682,Y,0,30.515
621,2020/09/14,N,0,12,141691,25℃,30℃,阴~晴,1223,1650,Y,0,17.557
622,2020/09/15,N,0,12,141691,25℃,31℃,多云,1314,1562,Y,0,23.34
623,2020/09/16,N,0,12,141691,26℃,31℃,阴~多云,1739,2093,Y,0,12.37
624,2020/09/17,N,0,12,141691,26℃,31℃,多云,1314,1914,Y,0,16.473
625,2020/09/18,N,0,12,141691,25℃,31℃,阴~多云,2298,2412,Y,0,15.118
626,2020/09/19,Y,週六,12,141691,25℃,30℃,阴~小雨,533,667,Y,0,23.47
627,2020/09/20,Y,週日,12,141691,25℃,28℃,阴~小雨,2597,1730,Y,0,38.814
628,2020/09/21,N,0,12,141691,24℃,29℃,阴~多云,1158,1630,Y,0,17.028
629,2020/09/22,N,0,12,141691,24℃,29℃,多云,1357,1176,Y,0,17.289
630,2020/09/23,N,0,12,141691,23℃,29℃,多云,2010,2609,Y,0,17.96
631,2020/09/24,N,0,12,141691,23℃,27℃,阴~小雨,1946,2058,Y,0,25.255
632,2020/09/25,N,0,12,141691,23℃,27℃,多云~小雨,2584,1776,Y,0,16.507
633,2020/09/26,N,特殊工作日,12,141691,22℃,26℃,阴~中雨,809,481,Y,0,24.933
634,2020/09/27,Y,週日,12,141691,23℃,24℃,阴~小雨,2599,1652,Y,0,34.554
635,2020/09/28,N,教師節,12,141691,23℃,25℃,阴~多云,1693,1472,Y,0,33.107
636,2020/09/29,N,0,12,141691,23℃,27℃,多云,1850,1165,Y,0,22.735
637,2020/09/30,N,0,12,141691,26°C,22℃,小雨转多云,2264,1642,Y,0,32.177
